{"coverage": 56.559766763848394, "raw_data": {"meta": {"format": 3, "version": "7.13.1", "timestamp": "2026-01-30T15:35:27.227846", "branch_coverage": false, "show_contexts": false}, "files": {"app.py": {"executed_lines": [2, 3, 4, 5, 6, 8, 10, 13, 22, 23, 24, 28, 30, 34, 35, 39, 41, 42, 43, 44, 45, 46, 51, 53, 54, 55, 56, 57, 58, 63, 65, 66, 67, 68, 69, 70, 72, 73, 78, 134, 191, 232, 233, 234, 252, 253, 258, 259, 260, 291, 292, 294, 295, 298, 300, 310, 311, 320, 321, 322, 324, 325, 328, 329, 332, 333, 355, 356, 378, 379, 392, 393, 409, 410, 418, 419, 427, 428, 429, 431, 433, 436, 437, 438, 440, 444, 445, 446, 448, 453, 455, 458, 459, 461, 463, 466, 468, 471, 473, 474, 475, 476, 478, 479, 481, 484, 485, 490], "summary": {"covered_lines": 108, "num_statements": 256, "percent_covered": 42.1875, "percent_covered_display": "42.19", "missing_lines": 148, "excluded_lines": 0, "percent_statements_covered": 42.1875, "percent_statements_covered_display": "42.19"}, "missing_lines": [37, 47, 48, 59, 60, 74, 75, 80, 81, 82, 83, 84, 85, 88, 107, 108, 109, 110, 111, 112, 113, 116, 117, 118, 125, 126, 127, 129, 130, 131, 137, 138, 139, 140, 141, 142, 145, 163, 164, 165, 166, 167, 168, 169, 172, 173, 174, 181, 182, 183, 184, 185, 187, 188, 189, 193, 194, 195, 196, 197, 198, 200, 202, 203, 207, 208, 209, 210, 212, 213, 214, 215, 216, 217, 218, 219, 220, 221, 224, 226, 228, 229, 230, 236, 237, 238, 241, 242, 243, 246, 249, 254, 255, 262, 263, 264, 265, 266, 269, 270, 272, 273, 275, 276, 278, 279, 282, 285, 288, 313, 314, 326, 335, 339, 340, 343, 345, 346, 352, 358, 361, 362, 365, 368, 370, 381, 382, 383, 389, 395, 396, 397, 406, 412, 413, 414, 415, 421, 422, 423, 424, 434, 441, 464, 469, 487, 492, 494], "excluded_lines": [], "functions": {"health_check": {"executed_lines": [], "summary": {"covered_lines": 0, "num_statements": 1, "percent_covered": 0.0, "percent_covered_display": "0.00", "missing_lines": 1, "excluded_lines": 0, "percent_statements_covered": 0.0, "percent_statements_covered_display": "0.00"}, "missing_lines": [37], "excluded_lines": [], "start_line": 35}, "fetch_trending_movies": {"executed_lines": [41, 42, 43, 44, 45, 46], "summary": {"covered_lines": 6, "num_statements": 8, "percent_covered": 75.0, "percent_covered_display": "75.00", "missing_lines": 2, "excluded_lines": 0, "percent_statements_covered": 75.0, "percent_statements_covered_display": "75.00"}, "missing_lines": [47, 48], "excluded_lines": [], "start_line": 39}, "fetch_top_rated_movies": {"executed_lines": [53, 54, 55, 56, 57, 58], "summary": {"covered_lines": 6, "num_statements": 8, "percent_covered": 75.0, "percent_covered_display": "75.00", "missing_lines": 2, "excluded_lines": 0, "percent_statements_covered": 75.0, "percent_statements_covered_display": "75.00"}, "missing_lines": [59, 60], "excluded_lines": [], "start_line": 51}, "search_multi": {"executed_lines": [65, 66, 67, 68, 69, 70, 72, 73], "summary": {"covered_lines": 8, "num_statements": 10, "percent_covered": 80.0, "percent_covered_display": "80.00", "missing_lines": 2, "excluded_lines": 0, "percent_statements_covered": 80.0, "percent_statements_covered_display": "80.00"}, "missing_lines": [74, 75], "excluded_lines": [], "start_line": 63}, "fetch_tv_details": {"executed_lines": [], "summary": {"covered_lines": 0, "num_statements": 23, "percent_covered": 0.0, "percent_covered_display": "0.00", "missing_lines": 23, "excluded_lines": 0, "percent_statements_covered": 0.0, "percent_statements_covered_display": "0.00"}, "missing_lines": [80, 81, 82, 83, 84, 85, 88, 107, 108, 109, 110, 111, 112, 113, 116, 117, 118, 125, 126, 127, 129, 130, 131], "excluded_lines": [], "start_line": 78}, "fetch_movie_details": {"executed_lines": [], "summary": {"covered_lines": 0, "num_statements": 25, "percent_covered": 0.0, "percent_covered_display": "0.00", "missing_lines": 25, "excluded_lines": 0, "percent_statements_covered": 0.0, "percent_statements_covered_display": "0.00"}, "missing_lines": [137, 138, 139, 140, 141, 142, 145, 163, 164, 165, 166, 167, 168, 169, 172, 173, 174, 181, 182, 183, 184, 185, 187, 188, 189], "excluded_lines": [], "start_line": 134}, "fetch_watch_providers": {"executed_lines": [], "summary": {"covered_lines": 0, "num_statements": 28, "percent_covered": 0.0, "percent_covered_display": "0.00", "missing_lines": 28, "excluded_lines": 0, "percent_statements_covered": 0.0, "percent_statements_covered_display": "0.00"}, "missing_lines": [193, 194, 195, 196, 197, 198, 200, 202, 203, 207, 208, 209, 210, 212, 213, 214, 215, 216, 217, 218, 219, 220, 221, 224, 226, 228, 229, 230], "excluded_lines": [], "start_line": 191}, "login": {"executed_lines": [], "summary": {"covered_lines": 0, "num_statements": 8, "percent_covered": 0.0, "percent_covered_display": "0.00", "missing_lines": 8, "excluded_lines": 0, "percent_statements_covered": 0.0, "percent_statements_covered_display": "0.00"}, "missing_lines": [236, 237, 238, 241, 242, 243, 246, 249], "excluded_lines": [], "start_line": 234}, "logout": {"executed_lines": [], "summary": {"covered_lines": 0, "num_statements": 2, "percent_covered": 0.0, "percent_covered_display": "0.00", "missing_lines": 2, "excluded_lines": 0, "percent_statements_covered": 0.0, "percent_statements_covered_display": "0.00"}, "missing_lines": [254, 255], "excluded_lines": [], "start_line": 253}, "signup": {"executed_lines": [], "summary": {"covered_lines": 0, "num_statements": 16, "percent_covered": 0.0, "percent_covered_display": "0.00", "missing_lines": 16, "excluded_lines": 0, "percent_statements_covered": 0.0, "percent_statements_covered_display": "0.00"}, "missing_lines": [262, 263, 264, 265, 266, 269, 270, 272, 273, 275, 276, 278, 279, 282, 285, 288], "excluded_lines": [], "start_line": 260}, "index": {"executed_lines": [294, 295, 298, 300], "summary": {"covered_lines": 4, "num_statements": 4, "percent_covered": 100.0, "percent_covered_display": "100.00", "missing_lines": 0, "excluded_lines": 0, "percent_statements_covered": 100.0, "percent_statements_covered_display": "100.00"}, "missing_lines": [], "excluded_lines": [], "start_line": 292}, "search_page": {"executed_lines": [], "summary": {"covered_lines": 0, "num_statements": 2, "percent_covered": 0.0, "percent_covered_display": "0.00", "missing_lines": 2, "excluded_lines": 0, "percent_statements_covered": 0.0, "percent_statements_covered_display": "0.00"}, "missing_lines": [313, 314], "excluded_lines": [], "start_line": 311}, "search": {"executed_lines": [324, 325, 328, 329], "summary": {"covered_lines": 4, "num_statements": 5, "percent_covered": 80.0, "percent_covered_display": "80.00", "missing_lines": 1, "excluded_lines": 0, "percent_statements_covered": 80.0, "percent_statements_covered_display": "80.00"}, "missing_lines": [326], "excluded_lines": [], "start_line": 322}, "get_movie_details": {"executed_lines": [], "summary": {"covered_lines": 0, "num_statements": 7, "percent_covered": 0.0, "percent_covered_display": "0.00", "missing_lines": 7, "excluded_lines": 0, "percent_statements_covered": 0.0, "percent_statements_covered_display": "0.00"}, "missing_lines": [335, 339, 340, 343, 345, 346, 352], "excluded_lines": [], "start_line": 333}, "get_tv_details": {"executed_lines": [], "summary": {"covered_lines": 0, "num_statements": 6, "percent_covered": 0.0, "percent_covered_display": "0.00", "missing_lines": 6, "excluded_lines": 0, "percent_statements_covered": 0.0, "percent_statements_covered_display": "0.00"}, "missing_lines": [358, 361, 362, 365, 368, 370], "excluded_lines": [], "start_line": 356}, "watch_movie": {"executed_lines": [], "summary": {"covered_lines": 0, "num_statements": 4, "percent_covered": 0.0, "percent_covered_display": "0.00", "missing_lines": 4, "excluded_lines": 0, "percent_statements_covered": 0.0, "percent_statements_covered_display": "0.00"}, "missing_lines": [381, 382, 383, 389], "excluded_lines": [], "start_line": 379}, "watch_tv": {"executed_lines": [], "summary": {"covered_lines": 0, "num_statements": 4,