{"coverage": 55.654761904761905, "raw_data": {"meta": {"format": 3, "version": "7.13.1", "timestamp": "2026-01-30T15:10:40.080635", "branch_coverage": false, "show_contexts": false}, "files": {"app.py": {"executed_lines": [3, 4, 5, 7, 9, 13, 14, 15, 19, 21, 25, 26, 30, 32, 33, 34, 35, 36, 37, 42, 44, 45, 46, 47, 48, 49, 54, 56, 57, 58, 59, 60, 61, 63, 64, 69, 125, 182, 223, 224, 242, 243, 248, 249, 280, 281, 283, 284, 287, 289, 299, 300, 309, 310, 312, 313, 316, 317, 320, 321, 343, 344, 366, 367, 380, 381, 397, 398, 406, 407, 415, 416, 418, 420, 423, 424, 425, 427, 431, 432, 433, 435, 440, 442, 445, 446, 448, 450, 453, 455, 458, 460, 461, 462, 463, 465, 466, 468, 471, 472, 477], "summary": {"covered_lines": 101, "num_statements": 249, "percent_covered": 40.562248995983936, "percent_covered_display": "40.56", "missing_lines": 148, "excluded_lines": 0, "percent_statements_covered": 40.562248995983936, "percent_statements_covered_display": "40.56"}, "missing_lines": [28, 38, 39, 50, 51, 65, 66, 71, 72, 73, 74, 75, 76, 79, 98, 99, 100, 101, 102, 103, 104, 107, 108, 109, 116, 117, 118, 120, 121, 122, 128, 129, 130, 131, 132, 133, 136, 154, 155, 156, 157, 158, 159, 160, 163, 164, 165, 172, 173, 174, 175, 176, 178, 179, 180, 184, 185, 186, 187, 188, 189, 191, 193, 194, 198, 199, 200, 201, 203, 204, 205, 206, 207, 208, 209, 210, 211, 212, 215, 217, 219, 220, 221, 226, 227, 228, 231, 232, 233, 236, 239, 244, 245, 251, 252, 253, 254, 255, 258, 259, 261, 262, 264, 265, 267, 268, 271, 274, 277, 302, 303, 314, 323, 327, 328, 331, 333, 334, 340, 346, 349, 350, 353, 356, 358, 369, 370, 371, 377, 383, 384, 385, 394, 400, 401, 402, 403, 409, 410, 411, 412, 421, 428, 451, 456, 474, 479, 481], "excluded_lines": [], "functions": {"health_check": {"executed_lines": [], "summary": {"covered_lines": 0, "num_statements": 1, "percent_covered": 0.0, "percent_covered_display": "0.00", "missing_lines": 1, "excluded_lines": 0, "percent_statements_covered": 0.0, "percent_statements_covered_display": "0.00"}, "missing_lines": [28], "excluded_lines": [], "start_line": 26}, "fetch_trending_movies": {"executed_lines": [32, 33, 34, 35, 36, 37], "summary": {"covered_lines": 6, "num_statements": 8, "percent_covered": 75.0, "percent_covered_display": "75.00", "missing_lines": 2, "excluded_lines": 0, "percent_statements_covered": 75.0, "percent_statements_covered_display": "75.00"}, "missing_lines": [38, 39], "excluded_lines": [], "start_line": 30}, "fetch_top_rated_movies": {"executed_lines": [44, 45, 46, 47, 48, 49], "summary": {"covered_lines": 6, "num_statements": 8, "percent_covered": 75.0, "percent_covered_display": "75.00", "missing_lines": 2, "excluded_lines": 0, "percent_statements_covered": 75.0, "percent_statements_covered_display": "75.00"}, "missing_lines": [50, 51], "excluded_lines": [], "start_line": 42}, "search_multi": {"executed_lines": [56, 57, 58, 59, 60, 61, 63, 64], "summary": {"covered_lines": 8, "num_statements": 10, "percent_covered": 80.0, "percent_covered_display": "80.00", "missing_lines": 2, "excluded_lines": 0, "percent_statements_covered": 80.0, "percent_statements_covered_display": "80.00"}, "missing_lines": [65, 66], "excluded_lines": [], "start_line": 54}, "fetch_tv_details": {"executed_lines": [], "summary": {"covered_lines": 0, "num_statements": 23, "percent_covered": 0.0, "percent_covered_display": "0.00", "missing_lines": 23, "excluded_lines": 0, "percent_statements_covered": 0.0, "percent_statements_covered_display": "0.00"}, "missing_lines": [71, 72, 73, 74, 75, 76, 79, 98, 99, 100, 101, 102, 103, 104, 107, 108, 109, 116, 117, 118, 120, 121, 122], "excluded_lines": [], "start_line": 69}, "fetch_movie_details": {"executed_lines": [], "summary": {"covered_lines": 0, "num_statements": 25, "percent_covered": 0.0, "percent_covered_display": "0.00", "missing_lines": 25, "excluded_lines": 0, "percent_statements_covered": 0.0, "percent_statements_covered_display": "0.00"}, "missing_lines": [128, 129, 130, 131, 132, 133, 136, 154, 155, 156, 157, 158, 159, 160, 163, 164, 165, 172, 173, 174, 175, 176, 178, 179, 180], "excluded_lines": [], "start_line": 125}, "fetch_watch_providers": {"executed_lines": [], "summary": {"covered_lines": 0, "num_statements": 28, "percent_covered": 0.0, "percent_covered_display": "0.00", "missing_lines": 28, "excluded_lines": 0, "percent_statements_covered": 0.0, "percent_statements_covered_display": "0.00"}, "missing_lines": [184, 185, 186, 187, 188, 189, 191, 193, 194, 198, 199, 200, 201, 203, 204, 205, 206, 207, 208, 209, 210, 211, 212, 215, 217, 219, 220, 221], "excluded_lines": [], "start_line": 182}, "login": {"executed_lines": [], "summary": {"covered_lines": 0, "num_statements": 8, "percent_covered": 0.0, "percent_covered_display": "0.00", "missing_lines": 8, "excluded_lines": 0, "percent_statements_covered": 0.0, "percent_statements_covered_display": "0.00"}, "missing_lines": [226, 227, 228, 231, 232, 233, 236, 239], "excluded_lines": [], "start_line": 224}, "logout": {"executed_lines": [], "summary": {"covered_lines": 0, "num_statements": 2, "percent_covered": 0.0, "percent_covered_display": "0.00", "missing_lines": 2, "excluded_lines": 0, "percent_statements_covered": 0.0, "percent_statements_covered_display": "0.00"}, "missing_lines": [244, 245], "excluded_lines": [], "start_line": 243}, "signup": {"executed_lines": [], "summary": {"covered_lines": 0, "num_statements": 16, "percent_covered": 0.0, "percent_covered_display": "0.00", "missing_lines": 16, "excluded_lines": 0, "percent_statements_covered": 0.0, "percent_statements_covered_display": "0.00"}, "missing_lines": [251, 252, 253, 254, 255, 258, 259, 261, 262, 264, 265, 267, 268, 271, 274, 277], "excluded_lines": [], "start_line": 249}, "index": {"executed_lines": [283, 284, 287, 289], "summary": {"covered_lines": 4, "num_statements": 4, "percent_covered": 100.0, "percent_covered_display": "100.00", "missing_lines": 0, "excluded_lines": 0, "percent_statements_covered": 100.0, "percent_statements_covered_display": "100.00"}, "missing_lines": [], "excluded_lines": [], "start_line": 281}, "search_page": {"executed_lines": [], "summary": {"covered_lines": 0, "num_statements": 2, "percent_covered": 0.0, "percent_covered_display": "0.00", "missing_lines": 2, "excluded_lines": 0, "percent_statements_covered": 0.0, "percent_statements_covered_display": "0.00"}, "missing_lines": [302, 303], "excluded_lines": [], "start_line": 300}, "search": {"executed_lines": [312, 313, 316, 317], "summary": {"covered_lines": 4, "num_statements": 5, "percent_covered": 80.0, "percent_covered_display": "80.00", "missing_lines": 1, "excluded_lines": 0, "percent_statements_covered": 80.0, "percent_statements_covered_display": "80.00"}, "missing_lines": [314], "excluded_lines": [], "start_line": 310}, "get_movie_details": {"executed_lines": [], "summary": {"covered_lines": 0, "num_statements": 7, "percent_covered": 0.0, "percent_covered_display": "0.00", "missing_lines": 7, "excluded_lines": 0, "percent_statements_covered": 0.0, "percent_statements_covered_display": "0.00"}, "missing_lines": [323, 327, 328, 331, 333, 334, 340], "excluded_lines": [], "start_line": 321}, "get_tv_details": {"executed_lines": [], "summary": {"covered_lines": 0, "num_statements": 6, "percent_covered": 0.0, "percent_covered_display": "0.00", "missing_lines": 6, "excluded_lines": 0, "percent_statements_covered": 0.0, "percent_statements_covered_display": "0.00"}, "missing_lines": [346, 349, 350, 353, 356, 358], "excluded_lines": [], "start_line": 344}, "watch_movie": {"executed_lines": [], "summary": {"covered_lines": 0, "num_statements": 4, "percent_covered": 0.0, "percent_covered_display": "0.00", "missing_lines": 4, "excluded_lines": 0, "percent_statements_covered": 0.0, "percent_statements_covered_display": "0.00"}, "missing_lines": [369, 370, 371, 377], "excluded_lines": [], "start_line": 367}, "watch_tv": {"executed_lines": [], "summary": {"covered_lines": 0, "num_statements": 4, "percent_covered": 0.0,